<?xml version="1.0" encoding="UTF-8" standalone="no"?><inventario>
	<articulo>
		<codigo>UR12WE</codigo>
		<descripcion>Tarjeta gráfica</descripcion>
		<unidades>4</unidades>
		<precio>645.9</precio>
	</articulo>
	
	
	<articulo>
		<codigo>MY56SW</codigo>
		<descripcion>Pantalla 27 pulgadas</descripcion>
		<unidades>3</unidades>
		<precio>291.5</precio>
	</articulo>
	
		
	<articulo>
		<codigo>PL61EF</codigo>
		<descripcion>Ratón</descripcion>
		<unidades>35</unidades>
		<precio>12.34</precio>
	</articulo>
	<articulo>
		<codigo>LL12FF</codigo>
		<descripcion>Cable de red</descripcion>
		<unidades>44</unidades>
		<precio>3.0</precio>
	</articulo>
	
	<articulo>
		<codigo>RN38TM</codigo>
		<descripcion>Cargador Surface</descripcion>
		<unidades>2</unidades>
		<precio>99.8</precio>
	</articulo>
</inventario>