<?xml version="1.0" encoding="UTF-8" standalone="no"?><inventario>
	<articulo>
		<codigo>UR12WE</codigo>
		<descripcion>Tarjeta gráfica</descripcion>
		<unidades>2</unidades>
		<precio>645.9</precio>
	</articulo>
	<articulo>
		<codigo>IT24AS</codigo>
		<descripcion>Teclado inalambrico</descripcion>
		<unidades>2</unidades>
		<precio>25.56</precio>
	</articulo>
	<articulo>
		<codigo>PL23GT</codigo>
		<descripcion>Placa base</descripcion>
		<unidades>15</unidades>
		<precio>312.3</precio>
	</articulo>
	<articulo>
		<codigo>MY56SW</codigo>
		<descripcion>Pantalla 27 pulgadas</descripcion>
		<unidades>3</unidades>
		<precio>291.5</precio>
	</articulo>
	<articulo>
		<codigo>GY73AE</codigo>
		<descripcion>Portátil MSI</descripcion>
		<unidades>2</unidades>
		<precio>999.99</precio>
	</articulo>
		<articulo>
		<codigo>UA12FE</codigo>
		<descripcion>Tarjeta de red</descripcion>
		<unidades>12</unidades>
		<precio>78.7</precio>
	</articulo>
	<articulo>
		<codigo>PL61EF</codigo>
		<descripcion>Ratón</descripcion>
		<unidades>41</unidades>
		<precio>12.34</precio>
	</articulo>
	<articulo>
		<codigo>LL12FF</codigo>
		<descripcion>Cable de red</descripcion>
		<unidades>110</unidades>
		<precio>3.0</precio>
	</articulo>
	<articulo>
		<codigo>LK33FR</codigo>
		<descripcion>Conversor HDMI</descripcion>
		<unidades>4</unidades>
		<precio>7.9</precio>
	</articulo>
	<articulo>
		<codigo>RN38TM</codigo>
		<descripcion>Cargador Surface</descripcion>
		<unidades>7</unidades>
		<precio>99.8</precio>
	</articulo>
</inventario>