<?xml version="1.0" encoding="UTF-8" standalone="no"?><inscripciones><certificado><cod_examen>MICROS0011</cod_examen><descripcion>Certificación Microsoft Office</descripcion><fecha_examen>2022-05-02</fecha_examen><precio>120.0</precio></certificado><certificado><cod_examen>MICROS0012</cod_examen><descripcion>Certificación AWS</descripcion><fecha_examen>2024-02-02</fecha_examen><precio>160.0</precio></certificado><certificado><cod_examen>MICROS0023</cod_examen><descripcion>Certificación Administrador SQL Server</descripcion><fecha_examen>2023-04-07</fecha_examen><precio>200.0</precio></certificado><certificado><cod_examen>MICROS0120</cod_examen><descripcion>Certificación Redes</descripcion><fecha_examen>2025-06-10</fecha_examen><precio>150.0</precio></certificado><certificado><cod_examen>MICROS0302</cod_examen><descripcion>Certificación Administrador Azure</descripcion><fecha_examen>2024-09-06</fecha_examen><precio>90.0</precio></certificado></inscripciones>